duration,protocol_type,service,flag,src_bytes,dst_bytes,land,wrong_fragment,urgent,hot,num_failed_logins,logged_in,num_compromised,root_shell,su_attempted,num_root,num_file_creations,num_shells,num_access_files,num_outbound_cmds,is_host_login,is_guest_login,count,srv_count,serror_rate,srv_serror_rate,rerror_rate,srv_rerror_rate,same_srv_rate,diff_srv_rate,srv_diff_host_rate,dst_host_count,dst_host_srv_count,dst_host_same_srv_rate,dst_host_diff_srv_rate,dst_host_same_src_port_rate,dst_host_srv_diff_host_rate,dst_host_serror_rate,dst_host_srv_serror_rate,dst_host_rerror_rate,dst_host_srv_rerror_rate,class
0,tcp,ftp_data,SF,491,0,0,0,0,0,0,0,0,0,0,0,0,0,0,0,0,0,2,2,0.00,0.00,0.00,0.00,1.00,0.00,0.00,150,25,0.17,0.03,0.17,0.00,0.00,0.00,0.05,0.00,normal
0,udp,other,SF,146,0,0,0,0,0,0,0,0,0,0,0,0,0,0,0,0,0,13,1,0.00,0.00,0.00,0.00,0.08,0.15,0.00,255,1,0.00,0.60,0.88,0.00,0.00,0.00,0.00,0.00,normal
0,tcp,private,S0,0,0,0,0,0,0,0,0,0,0,0,0,0,0,0,0,0,0,123,6,1.00,1.00,0.00,0.00,0.05,0.07,0.00,255,26,0.10,0.05,0.00,0.00,1.00,1.00,0.00,0.00,anomaly
0,tcp,http,SF,232,8153,0,0,0,0,0,1,0,0,0,0,0,0,0,0,0,0,5,5,0.20,0.20,0.00,0.00,1.00,0.00,0.00,30,255,1.00,0.00,0.03,0.04,0.03,0.01,0.00,0.01,normal
0,tcp,http,SF,199,420,0,0,0,0,0,1,0,0,0,0,0,0,0,0,0,0,30,32,0.00,0.00,0.00,0.00,1.00,0.00,0.09,255,255,1.00,0.00,0.00,0.00,0.00,0.00,0.00,0.00,normal
0,tcp,private,REJ,0,0,0,0,0,0,0,0,0,0,0,0,0,0,0,0,0,0,121,19,0.00,0.00,1.00,1.00,0.16,0.06,0.00,255,19,0.07,0.07,0.00,0.00,0.00,0.00,1.00,1.00,anomaly
0,tcp,private,S0,0,0,0,0,0,0,0,0,0,0,0,0,0,0,0,0,0,0,166,9,1.00,1.00,0.00,0.00,0.05,0.06,0.00,255,9,0.04,0.05,0.00,0.00,1.00,1.00,0.00,0.00,anomaly
0,tcp,private,S0,0,0,0,0,0,0,0,0,0,0,0,0,0,0,0,0,0,0,117,16,1.00,1.00,0.00,0.00,0.14,0.06,0.00,255,15,0.06,0.07,0.00,0.00,1.00,1.00,0.00,0.00,anomaly
0,tcp,remote_job,S0,0,0,0,0,0,0,0,0,0,0,0,0,0,0,0,0,0,0,270,23,1.00,1.00,0.00,0.00,0.09,0.05,0.00,255,23,0.09,0.05,0.00,0.00,1.00,1.00,0.00,0.00,anomaly
0,tcp,private,S0,0,0,0,0,0,0,0,0,0,0,0,0,0,0,0,0,0,0,133,8,1.00,1.00,0.00,0.00,0.06,0.06,0.00,255,13,0.05,0.06,0.00,0.00,1.00,1.00,0.00,0.00,anomaly
0,tcp,private,REJ,0,0,0,0,0,0,0,0,0,0,0,0,0,0,0,0,0,0,205,12,0.00,0.00,1.00,1.00,0.06,0.06,0.00,255,12,0.05,0.07,0.00,0.00,0.00,0.00,1.00,1.00,anomaly
0,tcp,private,S0,0,0,0,0,0,0,0,0,0,0,0,0,0,0,0,0,0,0,199,3,1.00,1.00,0.00,0.00,0.02,0.06,0.00,255,13,0.05,0.07,0.00,0.00,1.00,1.00,0.00,0.00,anomaly
0,tcp,http,SF,287,2251,0,0,0,0,0,1,0,0,0,0,0,0,0,0,0,0,3,7,0.00,0.00,0.00,0.00,1.00,0.00,0.43,8,219,1.00,0.00,0.12,0.03,0.00,0.00,0.00,0.00,normal
0,tcp,ftp_data,SF,334,0,0,0,0,0,0,1,0,0,0,0,0,0,0,0,0,0,2,2,0.00,0.00,0.00,0.00,1.00,0.00,0.00,2,20,1.00,0.00,1.00,0.20,0.00,0.00,0.00,0.00,anomaly
0,tcp,name,S0,0,0,0,0,0,0,0,0,0,0,0,0,0,0,0,0,0,0,233,1,1.00,1.00,0.00,0.00,0.00,0.06,0.00,255,1,0.00,0.07,0.00,0.00,1.00,1.00,0.00,0.00,anomaly
0,tcp,netbios_ns,S0,0,0,0,0,0,0,0,0,0,0,0,0,0,0,0,0,0,0,96,16,1.00,1.00,0.00,0.00,0.17,0.05,0.00,255,2,0.01,0.06,0.00,0.00,1.00,1.00,0.00,0.00,anomaly
0,tcp,http,SF,300,13788,0,0,0,0,0,1,0,0,0,0,0,0,0,0,0,0,8,9,0.00,0.11,0.00,0.00,1.00,0.00,0.22,91,255,1.00,0.00,0.01,0.02,0.00,0.00,0.00,0.00,normal
0,icmp,eco_i,SF,18,0,0,0,0,0,0,0,0,0,0,0,0,0,0,0,0,0,1,1,0.00,0.00,0.00,0.00,1.00,0.00,0.00,1,16,1.00,0.00,1.00,1.00,0.00,0.00,0.00,0.00,anomaly
0,tcp,http,SF,233,616,0,0,0,0,0,1,0,0,0,0,0,0,0,0,0,0,3,3,0.00,0.00,0.00,0.00,1.00,0.00,0.00,66,255,1.00,0.00,0.02,0.03,0.00,0.00,0.02,0.00,normal
0,tcp,http,SF,343,1178,0,0,0,0,0,1,0,0,0,0,0,0,0,0,0,0,9,10,0.00,0.00,0.00,0.00,1.00,0.00,0.20,157,255,1.00,0.00,0.01,0.04,0.00,0.00,0.00,0.00,normal
0,tcp,mtp,S0,0,0,0,0,0,0,0,0,0,0,0,0,0,0,0,0,0,0,223,23,1.00,1.00,0.00,0.00,0.10,0.05,0.00,255,23,0.09,0.05,0.00,0.00,1.00,1.00,0.00,0.00,anomaly
0,tcp,private,S0,0,0,0,0,0,0,0,0,0,0,0,0,0,0,0,0,0,0,280,17,1.00,1.00,0.00,0.00,0.06,0.05,0.00,238,17,0.07,0.06,0.00,0.00,0.99,1.00,0.00,0.00,anomaly
0,tcp,http,SF,253,11905,0,0,0,0,0,1,0,0,0,0,0,0,0,0,0,0,8,10,0.00,0.00,0.00,0.00,1.00,0.00,0.20,87,255,1.00,0.00,0.01,0.02,0.00,0.00,0.00,0.00,normal
5607,udp,other,SF,147,105,0,0,0,0,0,0,0,0,0,0,0,0,0,0,0,0,1,1,0.00,0.00,0.00,0.00,1.00,0.00,0.00,255,1,0.00,0.85,1.00,0.00,0.00,0.00,0.00,0.00,normal
0,tcp,mtp,S0,0,0,0,0,0,0,0,0,0,0,0,0,0,0,0,0,0,0,248,2,1.00,1.00,0.00,0.00,0.01,0.06,0.00,255,2,0.01,0.06,0.00,0.00,1.00,1.00,0.00,0.00,anomaly
507,tcp,telnet,SF,437,14421,0,0,0,0,0,1,3,0,0,0,0,0,1,0,0,0,1,1,0.00,0.00,0.00,0.00,1.00,0.00,0.00,255,25,0.10,0.05,0.00,0.00,0.53,0.00,0.02,0.16,normal
0,tcp,private,S0,0,0,0,0,0,0,0,0,0,0,0,0,0,0,0,0,0,0,279,7,1.00,1.00,0.00,0.00,0.03,0.06,0.00,255,13,0.05,0.07,0.00,0.00,1.00,1.00,0.00,0.00,anomaly
0,tcp,http,SF,227,6588,0,0,0,0,0,1,0,0,0,0,0,0,0,0,0,0,5,22,0.00,0.00,0.00,0.00,1.00,0.00,0.18,43,255,1.00,0.00,0.02,0.14,0.00,0.00,0.56,0.57,normal
0,tcp,http,SF,215,10499,0,0,0,0,0,1,0,0,0,0,0,0,0,0,0,0,14,14,0.00,0.00,0.00,0.00,1.00,0.00,0.00,255,255,1.00,0.00,0.00,0.00,0.00,0.00,0.00,0.00,normal
0,tcp,http,SF,241,1400,0,0,0,0,0,1,0,0,0,0,0,0,0,0,0,0,33,33,0.00,0.00,0.03,0.03,1.00,0.00,0.00,255,255,1.00,0.00,0.00,0.00,0.00,0.00,0.00,0.00,normal
0,icmp,eco_i,SF,8,0,0,0,0,0,0,0,0,0,0,0,0,0,0,0,0,0,1,12,0.00,0.00,0.00,0.00,1.00,0.00,1.00,1,53,1.00,0.00,1.00,0.51,0.00,0.00,0.00,0.00,anomaly
0,tcp,finger,S0,0,0,0,0,0,0,0,0,0,0,0,0,0,0,0,0,0,0,57,16,1.00,1.00,0.00,0.00,0.28,0.07,0.00,255,59,0.23,0.04,0.01,0.00,1.00,1.00,0.00,0.00,anomaly
0,tcp,http,SF,303,555,0,0,0,0,0,1,0,0,0,0,0,0,0,0,0,0,9,9,0.00,0.00,0.00,0.00,1.00,0.00,0.00,9,255,1.00,0.00,0.11,0.01,0.00,0.00,0.00,0.00,normal
0,tcp,private,REJ,0,0,0,0,0,0,0,0,0,0,0,0,0,0,0,0,0,0,2,1,0.00,0.00,1.00,1.00,0.50,1.00,0.00,255,1,0.00,0.31,0.28,0.00,0.00,0.00,0.29,1.00,anomaly
0,udp,domain_u,SF,45,45,0,0,0,0,0,0,0,0,0,0,0,0,0,0,0,0,181,181,0.00,0.00,0.00,0.00,1.00,0.00,0.00,255,250,0.98,0.01,0.00,0.00,0.00,0.00,0.00,0.00,normal
1,udp,private,SF,105,147,0,0,0,0,0,0,0,0,0,0,0,0,0,0,0,0,2,2,0.00,0.00,0.00,0.00,1.00,0.00,0.00,41,5,0.12,0.05,0.05,0.00,0.00,0.00,0.00,0.00,normal
0,udp,domain_u,SF,43,43,0,0,0,0,0,0,0,0,0,0,0,0,0,0,0,0,122,202,0.00,0.00,0.00,0.00,1.00,0.00,0.01,255,255,1.00,0.00,0.01,0.00,0.00,0.00,0.00,0.00,normal
0,tcp,supdup,S0,0,0,0,0,0,0,0,0,0,0,0,0,0,0,0,0,0,0,205,17,1.00,1.00,0.00,0.00,0.08,0.06,0.00,255,17,0.07,0.07,0.00,0.00,1.00,1.00,0.00,0.00,anomaly
0,tcp,http,SF,324,2302,0,0,0,0,0,1,0,0,0,0,0,0,0,0,0,0,22,28,0.00,0.00,0.00,0.00,1.00,0.00,0.14,255,255,1.00,0.00,0.00,0.00,0.00,0.00,0.00,0.00,normal
0,tcp,uucp_path,S0,0,0,0,0,0,0,0,0,0,0,0,0,0,0,0,0,0,0,228,13,1.00,1.00,0.00,0.00,0.06,0.07,0.00,255,13,0.05,0.07,0.00,0.00,1.00,1.00,0.00,0.00,anomaly
0,tcp,ftp_data,S0,0,0,0,0,0,0,0,0,0,0,0,0,0,0,0,0,0,0,50,11,1.00,1.00,0.00,0.00,0.22,0.08,0.00,255,63,0.25,0.02,0.01,0.00,1.00,1.00,0.00,0.00,anomaly
0,tcp,Z39_50,S0,0,0,0,0,0,0,0,0,0,0,0,0,0,0,0,0,0,0,262,12,1.00,1.00,0.00,0.00,0.05,0.06,0.00,255,9,0.04,0.07,0.00,0.00,1.00,1.00,0.00,0.00,anomaly
2,tcp,smtp,SF,1591,372,0,0,0,0,0,1,0,0,0,0,0,0,0,0,0,0,1,2,0.00,0.00,0.00,0.00,1.00,0.00,1.00,181,147,0.81,0.02,0.01,0.00,0.00,0.00,0.00,0.00,normal
9052,udp,other,SF,146,105,0,0,0,0,0,0,0,0,0,0,0,0,0,0,0,0,4,2,0.00,0.00,0.00,0.00,0.50,0.50,0.00,255,2,0.01,0.66,0.99,0.00,0.00,0.00,0.00,0.00,normal
0,tcp,http,SF,290,3006,0,0,0,0,0,1,0,0,0,0,0,0,0,0,0,0,11,11,0.00,0.00,0.00,0.00,1.00,0.00,0.00,255,255,1.00,0.00,0.00,0.00,0.00,0.00,0.00,0.00,normal
0,tcp,csnet_ns,S0,0,0,0,0,0,0,0,0,0,0,0,0,0,0,0,0,0,0,108,11,1.00,1.00,0.00,0.00,0.10,0.08,0.00,255,11,0.04,0.07,0.00,0.00,1.00,1.00,0.00,0.00,anomaly
0,udp,private,SF,28,0,0,3,0,0,0,0,0,0,0,0,0,0,0,0,0,0,80,80,0.00,0.00,0.00,0.00,1.00,0.00,0.00,255,80,0.31,0.02,0.31,0.00,0.00,0.00,0.00,0.00,anomaly
0,tcp,http,SF,255,861,0,0,0,0,0,1,0,0,0,0,0,0,0,0,0,0,44,44,0.02,0.02,0.00,0.00,1.00,0.00,0.00,255,255,1.00,0.00,0.00,0.00,0.00,0.00,0.00,0.00,normal
0,tcp,ftp_data,SF,334,0,0,0,0,0,0,1,0,0,0,0,0,0,0,0,0,0,2,2,0.00,0.00,0.00,0.00,1.00,0.00,0.00,4,38,1.00,0.00,1.00,0.18,0.00,0.00,0.00,0.00,anomaly
0,tcp,ftp_data,S0,0,0,0,0,0,0,0,0,0,0,0,0,0,0,0,0,0,0,258,17,1.00,1.00,0.00,0.00,0.07,0.05,0.00,255,5,0.02,0.07,0.00,0.00,1.00,1.00,0.00,0.00,anomaly
0,tcp,http,SF,302,498,0,0,0,0,0,1,0,0,0,0,0,0,0,0,0,0,10,10,0.00,0.00,0.00,0.00,1.00,0.00,0.00,131,255,1.00,0.00,0.01,0.04,0.00,0.00,0.00,0.00,normal
0,tcp,private,REJ,0,0,0,0,0,0,0,0,0,0,0,0,0,0,0,0,0,0,61,4,0.00,0.00,1.00,1.00,0.07,0.10,0.00,255,4,0.02,0.08,0.00,0.00,0.00,0.00,1.00,1.00,anomaly
0,udp,private,SF,28,0,0,3,0,0,0,0,0,0,0,0,0,0,0,0,0,0,2,2,0.00,0.00,0.00,0.00,1.00,0.00,0.00,255,2,0.01,0.02,0.01,0.00,0.00,0.00,0.77,0.00,anomaly
0,tcp,http,SF,220,1398,0,0,0,0,0,1,0,0,0,0,0,0,0,0,0,0,26,42,0.00,0.00,0.00,0.00,1.00,0.00,0.05,26,255,1.00,0.00,0.04,0.03,0.00,0.00,0.00,0.00,normal
0,udp,domain_u,SF,43,69,0,0,0,0,0,0,0,0,0,0,0,0,0,0,0,0,120,120,0.00,0.00,0.00,0.00,1.00,0.00,0.00,255,245,0.96,0.01,0.01,0.00,0.00,0.00,0.00,0.00,normal
0,udp,domain_u,SF,44,133,0,0,0,0,0,0,0,0,0,0,0,0,0,0,0,0,73,75,0.00,0.00,0.00,0.00,1.00,0.00,0.03,122,212,0.88,0.02,0.88,0.01,0.00,0.00,0.08,0.00,normal
0,icmp,eco_i,SF,8,0,0,0,0,0,0,0,0,0,0,0,0,0,0,0,0,0,1,15,0.00,0.00,0.00,0.00,1.00,0.00,1.00,2,46,1.00,0.00,1.00,0.26,0.00,0.00,0.00,0.00,anomaly
0,tcp,uucp,S0,0,0,0,0,0,0,0,0,0,0,0,0,0,0,0,0,0,0,135,9,1.00,1.00,0.00,0.00,0.07,0.06,0.00,255,11,0.04,0.07,0.00,0.00,1.00,1.00,0.00,0.00,anomaly
0,tcp,finger,S0,0,0,0,0,0,0,0,0,0,0,0,0,0,0,0,0,0,0,24,12,1.00,1.00,0.00,0.00,0.50,0.08,0.00,255,59,0.23,0.04,0.00,0.00,1.00,1.00,0.00,0.00,anomaly
0,udp,domain_u,SF,43,43,0,0,0,0,0,0,0,0,0,0,0,0,0,0,0,0,148,228,0.00,0.00,0.00,0.00,1.00,0.00,0.01,255,255,1.00,0.00,0.01,0.00,0.00,0.00,0.00,0.00,normal
0,tcp,ftp_data,SF,641,0,0,0,0,0,0,1,0,0,0,0,0,0,0,0,0,0,2,2,0.00,0.00,0.00,0.00,1.00,0.00,0.00,175,48,0.25,0.02,0.25,0.04,0.00,0.00,0.00,0.00,normal
0,tcp,private,REJ,0,0,0,0,0,0,0,0,0,0,0,0,0,0,0,0,0,0,206,4,0.00,0.00,1.00,1.00,0.02,0.06,0.00,255,4,0.02,0.08,0.00,0.00,0.00,0.00,1.00,1.00,anomaly
0,tcp,private,REJ,0,0,0,0,0,0,0,0,0,0,0,0,0,0,0,0,0,0,175,1,0.10,0.00,0.89,1.00,0.01,1.00,0.00,255,1,0.00,0.84,0.00,0.00,0.07,0.00,0.62,1.00,anomaly
0,tcp,http,SF,310,2794,0,0,0,0,0,1,0,0,0,0,0,0,0,0,0,0,4,4,0.00,0.00,0.00,0.00,1.00,0.00,0.00,255,255,1.00,0.00,0.00,0.00,0.00,0.00,0.00,0.00,normal
0,tcp,private,REJ,0,0,0,0,0,0,0,0,0,0,0,0,0,0,0,0,0,0,63,10,0.00,0.00,1.00,1.00,0.16,0.08,0.00,255,10,0.04,0.07,0.00,0.00,0.00,0.00,1.00,1.00,anomaly
0,tcp,smtp,SF,696,333,0,0,0,0,0,1,0,0,0,0,0,0,0,0,0,0,1,1,0.00,0.00,0.00,0.00,1.00,0.00,0.00,109,133,0.39,0.04,0.01,0.02,0.00,0.00,0.00,0.00,normal
0,tcp,netbios_dgm,RSTR,0,0,0,0,0,0,0,0,0,0,0,0,0,0,0,0,0,0,1,1,0.00,0.00,1.00,1.00,1.00,0.00,0.00,236,1,0.00,0.58,0.58,0.00,0.00,0.00,0.58,1.00,anomaly
0,tcp,http,S0,0,0,0,0,0,0,0,0,0,0,0,0,0,0,0,0,0,0,52,19,1.00,1.00,0.00,0.00,0.37,0.08,0.00,255,67,0.26,0.02,0.00,0.00,1.00,1.00,0.00,0.00,anomaly
0,tcp,netbios_dgm,REJ,0,0,0,0,0,0,0,0,0,0,0,0,0,0,0,0,0,0,125,7,0.00,0.00,1.00,1.00,0.06,0.06,0.00,255,6,0.02,0.07,0.00,0.00,0.00,0.00,1.00,1.00,anomaly
0,tcp,supdup,S0,0,0,0,0,0,0,0,0,0,0,0,0,0,0,0,0,0,0,168,21,1.00,1.00,0.00,0.00,0.12,0.06,0.00,255,21,0.08,0.06,0.00,0.00,1.00,1.00,0.00,0.00,anomaly
0,tcp,http,SF,221,2878,0,0,0,0,0,1,0,0,0,0,0,0,0,0,0,0,1,1,0.00,0.00,0.00,0.00,1.00,0.00,0.00,21,58,1.00,0.00,0.05,0.03,0.00,0.00,0.00,0.00,normal
0,tcp,private,S0,0,0,0,0,0,0,0,0,0,0,0,0,0,0,0,0,0,0,145,16,1.00,1.00,0.00,0.00,0.11,0.06,0.00,255,31,0.12,0.05,0.00,0.00,1.00,1.00,0.00,0.00,anomaly
0,icmp,urp_i,SF,181,0,0,0,0,0,0,0,0,0,0,0,0,0,0,0,0,0,3,2,0.00,0.00,0.00,0.00,0.67,0.67,0.00,255,93,0.36,0.01,0.46,0.00,0.00,0.00,0.00,0.00,normal
0,udp,domain_u,SF,42,42,0,0,0,0,0,0,0,0,0,0,0,0,0,0,0,0,9,14,0.00,0.00,0.00,0.00,1.00,0.00,0.21,84,83,0.99,0.02,0.01,0.00,0.00,0.00,0.00,0.00,normal
0,tcp,private,S0,0,0,0,0,0,0,0,0,0,0,0,0,0,0,0,0,0,0,138,6,1.00,1.00,0.00,0.00,0.04,0.06,0.00,255,6,0.02,0.07,0.00,0.00,1.00,1.00,0.00,0.00,anomaly
0,tcp,ftp_data,SF,12,0,0,0,0,0,0,1,0,0,0,0,0,0,0,0,0,0,1,1,0.00,0.00,0.00,0.00,1.00,0.00,0.00,44,47,0.55,0.07,0.55,0.04,0.00,0.00,0.00,0.00,normal
0,tcp,auth,S0,0,0,0,0,0,0,0,0,0,0,0,0,0,0,0,0,0,0,276,9,1.00,1.00,0.00,0.00,0.03,0.06,0.00,255,9,0.04,0.06,0.00,0.00,1.00,1.00,0.00,0.00,anomaly
0,tcp,http,SF,210,2790,0,0,0,0,0,1,0,0,0,0,0,0,0,0,0,0,10,27,0.00,0.00,0.00,0.00,1.00,0.00,0.11,48,255,1.00,0.00,0.02,0.09,0.00,0.00,0.00,0.00,normal
0,tcp,http,SF,321,5683,0,0,0,0,0,1,0,0,0,0,0,0,0,0,0,0,10,10,0.00,0.00,0.00,0.00,1.00,0.00,0.00,168,255,1.00,0.00,0.01,0.04,0.00,0.00,0.00,0.00,normal
0,tcp,private,REJ,0,0,0,0,0,0,0,0,0,0,0,0,0,0,0,0,0,0,248,8,0.00,0.00,1.00,1.00,0.03,0.06,0.00,255,8,0.03,0.07,0.00,0.00,0.00,0.00,1.00,1.00,anomaly
0,tcp,http,SF,329,3982,0,0,0,0,0,1,0,0,0,0,0,0,0,0,0,0,2,31,0.00,0.00,0.00,0.00,1.00,0.00,0.10,24,255,1.00,0.00,0.04,0.05,0.00,0.00,0.00,0.00,normal
0,tcp,uucp_path,REJ,0,0,0,0,0,0,0,0,0,0,0,0,0,0,0,0,0,0,135,7,0.00,0.00,1.00,1.00,0.05,0.07,0.00,255,7,0.03,0.07,0.00,0.00,0.00,0.00,1.00,1.00,anomaly
0,tcp,domain,S0,0,0,0,0,0,0,0,0,0,0,0,0,0,0,0,0,0,0,220,19,1.00,1.00,0.00,0.00,0.09,0.05,0.00,255,2,0.01,0.07,0.00,0.00,1.00,1.00,0.00,0.00,anomaly
0,icmp,eco_i,SF,8,0,0,0,0,0,0,0,0,0,0,0,0,0,0,0,0,0,1,44,0.00,0.00,0.00,0.00,1.00,0.00,1.00,1,95,1.00,0.00,1.00,0.51,0.00,0.00,0.00,0.00,anomaly
0,tcp,http,SF,320,379,0,0,0,0,0,1,0,0,0,0,0,0,0,0,0,0,9,9,0.00,0.00,0.00,0.00,1.00,0.00,0.00,123,255,1.00,0.00,0.01,0.02,0.00,0.00,0.00,0.00,normal
0,tcp,private,S0,0,0,0,0,0,0,0,0,0,0,0,0,0,0,0,0,0,0,212,7,1.00,1.00,0.00,0.00,0.03,0.05,0.00,72,7,0.10,0.11,0.01,0.00,0.97,1.00,0.00,0.00,anomaly
0,tcp,http,SF,225,3762,0,0,0,0,0,1,0,0,0,0,0,0,0,0,0,0,10,10,0.00,0.00,0.00,0.00,1.00,0.00,0.00,255,255,1.00,0.00,0.00,0.00,0.00,0.00,0.00,0.00,normal
0,tcp,ftp,S0,0,0,0,0,0,0,0,0,0,0,0,0,0,0,0,0,0,0,250,13,1.00,1.00,0.00,0.00,0.05,0.06,0.00,255,1,0.00,0.07,0.00,0.00,1.00,1.00,0.00,0.00,anomaly
0,tcp,private,REJ,0,0,0,0,0,0,0,0,0,0,0,0,0,0,0,0,0,0,132,15,0.00,0.00,1.00,1.00,0.11,0.05,0.00,255,15,0.06,0.06,0.00,0.00,0.00,0.00,1.00,1.00,anomaly
315,udp,other,SF,146,105,0,0,0,0,0,0,0,0,0,0,0,0,0,0,0,0,3,2,0.00,0.00,0.00,0.00,0.67,0.67,0.00,117,2,0.02,0.54,0.78,0.00,0.00,0.00,0.00,0.00,normal
0,tcp,http,SF,247,1416,0,0,0,0,0,1,0,0,0,0,0,0,0,0,0,0,11,11,0.00,0.00,0.00,0.00,1.00,0.00,0.00,156,255,1.00,0.00,0.01,0.09,0.00,0.00,0.46,0.61,normal
0,tcp,http,SF,353,1483,0,0,0,0,0,1,0,0,0,0,0,0,0,0,0,0,3,9,0.00,0.00,0.00,0.00,1.00,0.00,0.33,255,255,1.00,0.00,0.00,0.00,0.00,0.00,0.00,0.00,normal
0,udp,domain_u,SF,44,44,0,0,0,0,0,0,0,0,0,0,0,0,0,0,0,0,109,189,0.00,0.00,0.00,0.00,0.99,0.02,0.01,255,254,1.00,0.01,0.01,0.00,0.00,0.00,0.00,0.00,normal
0,tcp,private,REJ,0,0,0,0,0,0,0,0,0,0,0,0,0,0,0,0,0,0,146,18,0.00,0.00,1.00,1.00,0.12,0.05,0.00,255,10,0.04,0.08,0.00,0.00,0.00,0.00,1.00,1.00,anomaly
0,tcp,csnet_ns,S0,0,0,0,0,0,0,0,0,0,0,0,0,0,0,0,0,0,0,300,6,1.00,1.00,0.00,0.00,0.02,0.06,0.00,255,3,0.01,0.07,0.00,0.00,1.00,1.00,0.00,0.00,anomaly
2,tcp,smtp,SF,3065,331,0,0,0,0,0,1,0,0,0,0,0,0,0,0,0,0,1,2,0.00,0.00,0.00,0.00,1.00,0.00,1.00,243,119,0.48,0.02,0.00,0.02,0.01,0.02,0.00,0.00,normal
0,udp,other,SF,102,102,0,0,0,0,0,0,0,0,0,0,0,0,0,0,0,0,1,1,0.00,0.00,0.00,0.00,1.00,0.00,0.00,7,1,0.14,0.29,0.14,0.00,0.00,0.00,0.00,0.00,normal
0,tcp,http,SF,259,750,0,0,0,0,0,1,0,0,0,0,0,0,0,0,0,0,4,5,0.00,0.00,0.00,0.00,1.00,0.00,0.40,4,255,1.00,0.00,0.25,0.03,0.00,0.00,0.00,0.00,normal
1082,udp,other,SF,147,105,0,0,0,0,0,0,0,0,0,0,0,0,0,0,0,0,2,2,0.00,0.00,0.00,0.00,1.00,0.00,0.00,255,2,0.01,0.42,0.86,0.00,0.00,0.00,0.00,0.00,normal
0,tcp,private,S0,0,0,0,0,0,0,0,0,0,0,0,0,0,0,0,0,0,0,129,16,1.00,1.00,0.00,0.00,0.12,0.05,0.00,255,12,0.05,0.05,0.00,0.00,1.00,1.00,0.00,0.00,anomaly
0,tcp,http,SF,0,354,0,0,0,0,0,0,0,0,0,0,0,0,0,0,0,0,32,32,0.03,0.03,0.00,0.00,1.00,0.00,0.00,255,255,1.00,0.00,0.00,0.00,0.00,0.00,0.00,0.00,normal
0,tcp,http,SF,309,306,0,0,0,0,0,1,0,0,0,0,0,0,0,0,0,0,1,1,0.00,0.00,0.00,0.00,1.00,0.00,0.00,66,255,1.00,0.00,0.02,0.02,0.00,0.00,0.00,0.00,normal
0,tcp,http,REJ,0,0,0,0,0,0,0,0,0,0,0,0,0,0,0,0,0,0,1,2,0.00,0.00,1.00,1.00,1.00,0.00,1.00,1,247,1.00,0.00,1.00,0.15,0.00,0.00,1.00,0.68,normal
0,tcp,http,SF,278,7227,0,0,0,0,0,1,0,0,0,0,0,0,0,0,0,0,3,3,0.00,0.00,0.00,0.00,1.00,0.00,0.00,153,255,1.00,0.00,0.01,0.05,0.00,0.00,0.00,0.00,normal
0,udp,private,SF,28,0,0,3,0,0,0,0,0,0,0,0,0,0,0,0,0,0,82,82,0.00,0.00,0.00,0.00,1.00,0.00,0.00,255,182,0.71,0.29,0.71,0.00,0.09,0.00,0.20,0.00,anomaly
0,tcp,http,SF,313,761,0,0,0,0,0,1,0,0,0,0,0,0,0,0,0,0,1,1,0.00,0.00,0.00,0.00,1.00,0.00,0.00,43,255,1.00,0.00,0.02,0.03,0.00,0.00,0.00,0.00,normal
0,tcp,http,SF,219,1212,0,0,0,0,0,1,0,0,0,0,0,0,0,0,0,0,15,15,0.00,0.00,0.00,0.00,1.00,0.00,0.00,242,255,1.00,0.00,0.00,0.01,0.00,0.00,0.00,0.00,normal
0,tcp,http,SF,245,9165,0,0,0,0,0,1,0,0,0,0,0,0,0,0,0,0,2,3,0.00,0.00,0.00,0.00,1.00,0.00,0.67,10,255,1.00,0.00,0.10,0.05,0.00,0.00,0.00,0.00,normal
0,tcp,http,SF,328,2243,0,0,0,0,0,1,0,0,0,0,0,0,0,0,0,0,21,21,0.00,0.00,0.00,0.00,1.00,0.00,0.00,21,255,1.00,0.00,0.05,0.04,0.00,0.00,0.00,0.00,normal
0,tcp,http,REJ,0,0,0,0,0,0,0,0,0,0,0,0,0,0,0,0,0,0,1,1,0.00,0.00,1.00,1.00,1.00,0.00,0.00,23,249,1.00,0.00,0.04,0.10,0.00,0.00,1.00,0.96,normal
0,tcp,http,SF,251,301,0,0,0,0,0,1,0,0,0,0,0,0,0,0,0,0,3,7,0.00,0.00,0.00,0.00,1.00,0.00,0.29,255,252,0.99,0.01,0.00,0.00,0.00,0.00,0.00,0.00,normal
0,tcp,smtp,SF,2089,335,0,0,0,0,0,1,0,0,0,0,0,0,0,0,0,0,2,2,0.00,0.00,0.00,0.00,0.50,1.00,1.00,255,152,0.60,0.03,0.00,0.00,0.01,0.02,0.00,0.01,normal
0,tcp,http,REJ,0,0,0,0,0,0,0,0,0,0,0,0,0,0,0,0,0,0,1,1,0.00,0.00,1.00,1.00,1.00,0.00,0.00,6,255,1.00,0.00,0.17,0.21,0.00,0.00,1.00,0.88,normal
0,tcp,http,SF,237,511,0,0,0,0,0,1,0,0,0,0,0,0,0,0,0,0,1,1,0.00,0.00,0.00,0.00,1.00,0.00,0.00,3,255,1.00,0.00,0.33,0.01,0.00,0.00,0.00,0.00,normal
0,tcp,http,SF,324,431,0,0,0,0,0,1,0,0,0,0,0,0,0,0,0,0,4,5,0.00,0.00,0.00,0.00,1.00,0.00,0.40,107,255,1.00,0.00,0.01,0.02,0.00,0.00,0.00,0.00,normal
25950,tcp,private,RSTR,1,0,0,0,0,0,0,0,0,0,0,0,0,0,0,0,0,0,2,2,0.00,0.00,1.00,1.00,1.00,0.00,0.00,255,2,0.01,0.69,1.00,0.00,0.00,0.00,1.00,1.00,anomaly
0,tcp,Z39_50,REJ,0,0,0,0,0,0,0,0,0,0,0,0,0,0,0,0,0,0,110,17,0.00,0.00,1.00,1.00,0.15,0.05,0.00,255,17,0.07,0.07,0.00,0.00,0.00,0.00,1.00,1.00,anomaly
0,udp,private,SF,105,145,0,0,0,0,0,0,0,0,0,0,0,0,0,0,0,0,4,1,0.00,0.00,0.00,0.00,0.25,0.50,0.00,255,239,0.94,0.01,0.00,0.00,0.00,0.00,0.00,0.00,normal
0,tcp,http,SF,218,974,0,0,0,0,0,1,0,0,0,0,0,0,0,0,0,0,6,6,0.00,0.00,0.00,0.00,1.00,0.00,0.00,6,255,1.00,0.00,0.17,0.02,0.00,0.01,0.00,0.00,normal
0,tcp,http,SF,325,2649,0,0,0,0,0,1,0,0,0,0,0,0,0,0,0,0,7,7,0.00,0.00,0.00,0.00,1.00,0.00,0.00,107,255,1.00,0.00,0.01,0.01,0.00,0.00,0.00,0.00,normal
0,tcp,uucp_path,REJ,0,0,0,0,0,0,0,0,0,0,0,0,0,0,0,0,0,0,246,20,0.00,0.00,1.00,1.00,0.08,0.07,0.00,255,20,0.08,0.07,0.00,0.00,0.00,0.00,1.00,1.00,anomaly
0,tcp,bgp,REJ,0,0,0,0,0,0,0,0,0,0,0,0,0,0,0,0,0,0,272,19,0.00,0.00,1.00,1.00,0.07,0.07,0.00,255,19,0.07,0.08,0.00,0.00,0.00,0.00,1.00,1.00,anomaly
0,tcp,csnet_ns,S0,0,0,0,0,0,0,0,0,0,0,0,0,0,0,0,0,0,0,259,8,1.00,1.00,0.00,0.00,0.03,0.07,0.00,255,8,0.03,0.08,0.00,0.00,1.00,1.00,0.00,0.00,anomaly
240,tcp,http,SF,328,275,0,0,0,0,0,1,0,0,0,0,0,0,0,0,0,0,9,10,0.00,0.00,0.00,0.10,1.00,0.00,0.20,255,250,0.98,0.01,0.00,0.00,0.00,0.00,0.00,0.00,normal
0,tcp,bgp,S0,0,0,0,0,0,0,0,0,0,0,0,0,0,0,0,0,0,0,294,6,1.00,1.00,0.00,0.00,0.02,0.05,0.00,255,8,0.03,0.07,0.00,0.00,1.00,1.00,0.00,0.00,anomaly
0,tcp,finger,SF,9,138,0,0,0,0,0,0,0,0,0,0,0,0,0,0,0,0,1,1,0.00,0.00,0.00,0.00,1.00,0.00,0.00,195,10,0.03,0.03,0.01,0.20,0.01,0.00,0.01,0.00,normal
0,udp,domain_u,SF,46,46,0,0,0,0,0,0,0,0,0,0,0,0,0,0,0,0,96,178,0.00,0.00,0.00,0.00,1.00,0.00,0.02,255,254,1.00,0.01,0.01,0.00,0.00,0.00,0.00,0.00,normal
1,tcp,smtp,SF,1079,334,0,0,0,0,0,1,0,0,0,0,1,0,0,0,0,0,1,1,0.00,0.00,0.00,0.00,1.00,0.00,0.00,138,167,0.57,0.03,0.01,0.01,0.00,0.00,0.00,0.00,normal
0,udp,domain_u,SF,45,139,0,0,0,0,0,0,0,0,0,0,0,0,0,0,0,0,79,159,0.00,0.00,0.00,0.00,1.00,0.00,0.01,255,254,1.00,0.01,0.00,0.00,0.00,0.00,0.00,0.00,normal
26,tcp,ftp,SF,273,903,0,0,0,5,0,1,0,0,0,0,0,0,0,0,0,1,1,1,0.00,0.00,0.00,0.00,1.00,0.00,0.00,176,49,0.28,0.02,0.01,0.00,0.01,0.02,0.00,0.00,normal
0,tcp,private,S0,0,0,0,0,0,0,0,0,0,0,0,0,0,0,0,0,0,0,190,20,1.00,1.00,0.00,0.00,0.11,0.06,0.00,255,20,0.08,0.08,0.00,0.00,1.00,1.00,0.00,0.00,anomaly
0,tcp,ldap,REJ,0,0,0,0,0,0,0,0,0,0,0,0,0,0,0,0,0,0,135,5,0.00,0.00,1.00,1.00,0.04,0.06,0.00,255,1,0.00,0.07,0.00,0.00,0.00,0.00,1.00,1.00,anomaly
0,tcp,http,SF,237,138,0,0,0,0,0,1,0,0,0,0,0,0,0,0,0,0,2,2,0.00,0.00,0.00,0.00,1.00,0.00,0.00,2,2,1.00,0.00,0.50,0.00,0.00,0.00,0.00,0.00,normal
0,tcp,http,SF,225,1357,0,0,0,0,0,1,0,0,0,0,0,0,0,0,0,0,1,1,0.00,0.00,0.00,0.00,1.00,0.00,0.00,5,255,1.00,0.00,0.20,0.02,0.00,0.00,0.00,0.00,normal
0,tcp,private,S0,0,0,0,0,0,0,0,0,0,0,0,0,0,0,0,0,0,0,123,7,1.00,1.00,0.00,0.00,0.06,0.06,0.00,255,7,0.03,0.08,0.00,0.00,1.00,1.00,0.00,0.00,anomaly
0,tcp,supdup,S0,0,0,0,0,0,0,0,0,0,0,0,0,0,0,0,0,0,0,245,20,1.00,1.00,0.00,0.00,0.08,0.06,0.00,255,7,0.03,0.07,0.00,0.00,1.00,1.00,0.00,0.00,anomaly
0,udp,other,SF,147,0,0,0,0,0,0,0,0,0,0,0,0,0,0,0,0,0,3,1,0.00,0.00,0.00,0.00,0.33,0.67,0.00,255,1,0.00,0.61,0.97,0.00,0.00,0.00,0.00,0.00,normal
0,tcp,http,SF,262,1011,0,0,0,0,0,1,0,0,0,0,0,0,0,0,0,0,3,4,0.00,0.00,0.00,0.00,1.00,0.00,0.50,94,255,1.00,0.00,0.02,0.01,0.00,0.00,0.00,0.00,normal
0,icmp,ecr_i,SF,1032,0,0,0,0,0,0,0,0,0,0,0,0,0,0,0,0,0,263,263,0.00,0.00,0.00,0.00,1.00,0.00,0.00,255,255,1.00,0.00,1.00,0.00,0.00,0.00,0.00,0.00,anomaly
0,tcp,private,S0,0,0,0,0,0,0,0,0,0,0,0,0,0,0,0,0,0,0,109,13,1.00,1.00,0.00,0.00,0.12,0.06,0.00,255,7,0.03,0.06,0.00,0.00,1.00,1.00,0.00,0.00,anomaly
0,tcp,http,SF,261,8412,0,0,0,0,0,1,0,0,0,0,0,0,0,0,0,0,9,9,0.00,0.00,0.00,0.00,1.00,0.00,0.00,255,255,1.00,0.00,0.00,0.00,0.00,0.00,0.00,0.00,normal
0,tcp,bgp,REJ,0,0,0,0,0,0,0,0,0,0,0,0,0,0,0,0,0,0,145,8,0.00,0.00,1.00,1.00,0.06,0.08,0.00,255,8,0.03,0.09,0.00,0.00,0.00,0.00,1.00,1.00,anomaly
0,tcp,netbios_dgm,REJ,0,0,0,0,0,0,0,0,0,0,0,0,0,0,0,0,0,0,250,2,0.00,0.00,1.00,1.00,0.01,0.07,0.00,255,2,0.01,0.07,0.00,0.00,0.00,0.00,1.00,1.00,anomaly
0,tcp,http,SF,294,1719,0,0,0,0,0,1,0,0,0,0,0,0,0,0,0,0,8,8,0.00,0.00,0.00,0.00,1.00,0.00,0.00,108,255,1.00,0.00,0.01,0.01,0.00,0.00,0.00,0.00,normal
0,tcp,http,SF,221,981,0,0,0,0,0,1,0,0,0,0,0,0,0,0,0,0,2,3,0.00,0.00,0.00,0.00,1.00,0.00,0.67,50,82,1.00,0.00,0.02,0.04,0.00,0.00,0.00,0.00,normal
0,tcp,http,SF,284,10352,0,0,0,0,0,1,0,0,0,0,0,0,0,0,0,0,2,2,0.00,0.00,0.00,0.00,1.00,0.00,0.00,11,255,1.00,0.00,0.09,0.07,0.00,0.00,0.00,0.00,normal
0,tcp,gopher,SH,0,0,0,0,0,0,0,0,0,0,0,0,0,0,0,0,0,0,1,1,1.00,1.00,0.00,0.00,1.00,0.00,0.00,255,1,0.00,1.00,1.00,0.00,1.00,1.00,0.00,0.00,anomaly
0,tcp,http,SF,309,16096,0,0,0,0,0,1,0,0,0,0,0,0,0,0,0,0,3,3,0.00,0.00,0.00,0.00,1.00,0.00,0.00,31,129,1.00,0.00,0.03,0.02,0.00,0.00,0.00,0.00,normal
0,tcp,ftp_data,SF,334,0,0,0,0,0,0,1,0,0,0,0,0,0,0,0,0,0,2,2,0.00,0.00,0.00,0.00,1.00,0.00,0.00,6,26,1.00,0.00,1.00,0.19,0.00,0.00,0.00,0.00,anomaly
0,tcp,telnet,S0,0,0,0,0,0,0,0,0,0,0,0,0,0,0,0,0,0,0,13,4,1.00,1.00,0.00,0.00,0.31,0.31,0.00,255,64,0.25,0.02,0.01,0.00,1.00,1.00,0.00,0.00,anomaly
0,tcp,private,S0,0,0,0,0,0,0,0,0,0,0,0,0,0,0,0,0,0,0,87,1,1.00,1.00,0.00,0.00,0.01,0.07,0.00,255,1,0.00,0.06,0.00,0.00,1.00,1.00,0.00,0.00,anomaly
0,tcp,http,SF,214,283,0,0,0,0,0,1,0,0,0,0,0,0,0,0,0,0,2,2,0.00,0.00,0.00,0.00,1.00,0.00,0.00,27,255,1.00,0.00,0.04,0.05,0.00,0.01,0.00,0.00,normal
0,tcp,vmnet,S0,0,0,0,0,0,0,0,0,0,0,0,0,0,0,0,0,0,0,292,13,1.00,1.00,0.00,0.00,0.04,0.05,0.00,255,14,0.05,0.08,0.00,0.00,1.00,1.00,0.00,0.00,anomaly
0,tcp,systat,S0,0,0,0,0,0,0,0,0,0,0,0,0,0,0,0,0,0,0,295,18,1.00,1.00,0.00,0.00,0.06,0.05,0.00,255,1,0.00,0.08,0.00,0.00,1.00,1.00,0.00,0.00,anomaly
0,tcp,http_443,S0,0,0,0,0,0,0,0,0,0,0,0,0,0,0,0,0,0,0,143,15,1.00,1.00,0.00,0.00,0.10,0.06,0.00,255,15,0.06,0.05,0.00,0.00,1.00,1.00,0.00,0.00,anomaly
0,udp,domain_u,SF,46,78,0,0,0,0,0,0,0,0,0,0,0,0,0,0,0,0,278,277,0.00,0.00,0.00,0.00,1.00,0.01,0.00,255,254,1.00,0.01,0.00,0.00,0.00,0.00,0.00,0.00,normal
0,tcp,ftp_data,SF,748,0,0,0,0,0,0,1,0,0,0,9,0,0,0,0,0,0,1,1,0.00,0.00,0.00,0.00,1.00,0.00,0.00,6,92,0.83,0.33,0.83,0.03,0.00,0.00,0.00,0.00,normal
0,tcp,efs,S0,0,0,0,0,0,0,0,0,0,0,0,0,0,0,0,0,0,0,102,19,1.00,1.00,0.00,0.00,0.19,0.06,0.00,255,18,0.07,0.06,0.00,0.00,1.00,1.00,0.00,0.00,anomaly
0,icmp,eco_i,SF,8,0,0,0,0,0,0,0,0,0,0,0,0,0,0,0,0,0,1,46,0.00,0.00,0.00,0.00,1.00,0.00,1.00,1,15,1.00,0.00,1.00,0.53,0.00,0.00,0.00,0.00,anomaly
0,tcp,whois,S0,0,0,0,0,0,0,0,0,0,0,0,0,0,0,0,0,0,0,251,3,1.00,1.00,0.00,0.00,0.01,0.07,0.00,255,3,0.01,0.08,0.00,0.00,1.00,1.00,0.00,0.00,anomaly
0,tcp,http,SF,329,8437,0,0,0,0,0,1,0,0,0,0,0,0,0,0,0,0,4,4,0.00,0.00,0.00,0.00,1.00,0.00,0.00,83,255,1.00,0.00,0.01,0.04,0.00,0.00,0.00,0.00,normal
0,tcp,ftp_data,SF,9,0,0,0,0,0,0,1,0,0,0,0,0,0,0,0,0,0,2,2,0.00,0.00,0.00,0.00,1.00,0.00,0.00,185,119,0.50,0.38,0.50,0.02,0.00,0.00,0.37,0.01,normal
0,udp,domain_u,SF,46,128,0,0,0,0,0,0,0,0,0,0,0,0,0,0,0,0,222,302,0.00,0.00,0.00,0.00,1.00,0.00,0.01,255,253,0.99,0.01,0.00,0.00,

*** WARNING: max output size exceeded, skipping output. ***

261,0,0,0,0,0,1,0,0,0,0,0,0,0,0,0,0,20,20,0.00,0.00,0.00,0.00,1.00,0.00,0.00,255,255,1.00,0.00,0.00,0.00,0.00,0.00,0.00,0.00,normal
679,tcp,telnet,SF,449,2261,0,0,0,0,0,1,11,0,0,0,0,0,0,0,0,0,1,1,0.00,0.00,0.00,0.00,1.00,0.00,0.00,255,9,0.04,0.09,0.00,0.00,0.82,0.33,0.01,0.22,normal
0,tcp,private,S0,0,0,0,0,0,0,0,0,0,0,0,0,0,0,0,0,0,0,235,9,1.00,1.00,0.00,0.00,0.04,0.06,0.00,255,9,0.04,0.06,0.00,0.00,1.00,1.00,0.00,0.00,anomaly
0,tcp,finger,S0,0,0,0,0,0,0,0,0,0,0,0,0,0,0,0,0,0,0,254,3,1.00,1.00,0.00,0.00,0.01,0.05,0.00,255,3,0.01,0.05,0.00,0.00,1.00,1.00,0.00,0.00,anomaly
0,tcp,http,SF,321,3760,0,0,0,0,0,1,0,0,0,0,0,0,0,0,0,0,10,10,0.00,0.00,0.00,0.00,1.00,0.00,0.00,40,255,1.00,0.00,0.03,0.04,0.00,0.00,0.00,0.00,normal
0,udp,domain_u,SF,44,132,0,0,0,0,0,0,0,0,0,0,0,0,0,0,0,0,26,59,0.00,0.00,0.00,0.00,1.00,0.00,0.03,255,254,1.00,0.01,0.00,0.00,0.00,0.00,0.00,0.00,normal
0,tcp,http,SF,257,2499,0,0,0,0,0,1,0,0,0,0,0,0,0,0,0,0,1,1,0.00,0.00,0.00,0.00,1.00,0.00,0.00,255,255,1.00,0.00,0.00,0.00,0.00,0.00,0.00,0.00,normal
0,icmp,ecr_i,SF,520,0,0,0,0,0,0,0,0,0,0,0,0,0,0,0,0,0,196,196,0.00,0.00,0.00,0.00,1.00,0.00,0.00,255,255,1.00,0.00,1.00,0.00,0.00,0.00,0.00,0.00,anomaly
0,udp,private,SF,105,146,0,0,0,0,0,0,0,0,0,0,0,0,0,0,0,0,4,1,0.00,0.00,0.00,0.00,0.25,0.50,0.00,255,228,0.89,0.01,0.00,0.00,0.00,0.00,0.00,0.00,normal
0,tcp,http,SF,219,1491,0,0,0,0,0,1,0,0,0,0,0,0,0,0,0,0,10,24,0.00,0.00,0.00,0.04,1.00,0.00,0.21,10,255,1.00,0.00,0.10,0.01,0.00,0.00,0.00,0.00,normal
0,udp,domain_u,SF,44,79,0,0,0,0,0,0,0,0,0,0,0,0,0,0,0,0,248,248,0.00,0.00,0.00,0.00,1.00,0.01,0.01,255,255,1.00,0.00,0.00,0.00,0.00,0.00,0.00,0.00,normal
0,tcp,http,SF,204,12284,0,0,0,0,0,1,0,0,0,0,0,0,0,0,0,0,1,1,0.00,0.00,0.00,0.00,1.00,0.00,0.00,7,252,1.00,0.00,0.14,0.05,0.00,0.00,0.00,0.00,normal
0,tcp,finger,S0,0,0,0,0,0,0,0,0,0,0,0,0,0,0,0,0,0,0,42,12,1.00,1.00,0.00,0.00,0.29,0.10,0.00,255,59,0.23,0.04,0.01,0.00,1.00,1.00,0.00,0.00,anomaly
0,tcp,http,SF,350,9725,0,0,0,0,0,1,0,0,0,0,0,0,0,0,0,0,3,3,0.33,0.33,0.00,0.00,1.00,0.00,0.00,3,255,1.00,0.00,0.33,0.02,0.33,0.01,0.00,0.00,normal
0,tcp,http,SF,218,5280,0,0,0,0,0,1,0,0,0,0,0,0,0,0,0,0,8,8,0.00,0.00,0.00,0.00,1.00,0.00,0.00,255,255,1.00,0.00,0.00,0.00,0.00,0.00,0.00,0.00,normal
0,tcp,http,SF,183,9066,0,0,0,0,0,1,0,0,0,0,0,0,0,0,0,0,5,4,0.00,0.00,0.00,0.00,0.80,0.40,0.00,255,248,0.97,0.01,0.00,0.00,0.00,0.00,0.00,0.00,normal
0,tcp,http,SF,197,412,0,0,0,0,0,1,0,0,0,0,0,0,0,0,0,0,11,11,0.00,0.00,0.00,0.00,1.00,0.00,0.00,197,255,1.00,0.00,0.01,0.02,0.00,0.00,0.00,0.00,normal
0,tcp,domain,S0,0,0,0,0,0,0,0,0,0,0,0,0,0,0,0,0,0,0,24,11,1.00,1.00,0.00,0.00,0.46,0.12,0.00,255,17,0.07,0.07,0.00,0.00,1.00,1.00,0.00,0.00,anomaly
0,tcp,http,SF,290,9393,0,0,0,0,0,1,0,0,0,0,0,0,0,0,0,0,2,2,0.00,0.00,0.00,0.00,1.00,0.00,0.00,109,255,1.00,0.00,0.01,0.02,0.00,0.00,0.00,0.00,normal
0,tcp,whois,REJ,0,0,0,0,0,0,0,0,0,0,0,0,0,0,0,0,0,0,235,13,0.00,0.00,1.00,1.00,0.06,0.06,0.00,255,13,0.05,0.07,0.00,0.00,0.00,0.00,1.00,1.00,anomaly
0,tcp,http,SF,233,1075,0,0,0,0,0,1,0,0,0,0,0,0,0,0,0,0,4,4,0.25,0.25,0.00,0.00,1.00,0.00,0.00,255,241,0.95,0.01,0.00,0.00,0.00,0.00,0.00,0.00,normal
0,udp,domain_u,SF,30,30,0,0,0,0,0,0,0,0,0,0,0,0,0,0,0,0,4,10,0.00,0.00,0.00,0.00,1.00,0.00,0.30,255,249,0.98,0.01,0.00,0.00,0.00,0.00,0.00,0.00,normal
0,tcp,finger,S0,0,0,0,0,0,0,0,0,0,0,0,0,0,0,0,0,0,0,22,8,1.00,1.00,0.00,0.00,0.36,0.23,0.00,255,9,0.04,0.08,0.00,0.00,1.00,1.00,0.00,0.00,anomaly
0,tcp,telnet,S0,0,0,0,0,0,0,0,0,0,0,0,0,0,0,0,0,0,0,56,14,1.00,1.00,0.00,0.00,0.25,0.07,0.00,255,40,0.16,0.05,0.01,0.00,1.00,1.00,0.00,0.00,anomaly
0,tcp,ftp_data,SF,12,0,0,0,0,0,0,0,0,0,0,0,0,0,0,0,0,0,2,4,0.00,0.00,0.00,0.00,1.00,0.00,0.75,84,76,0.29,0.05,0.29,0.04,0.00,0.00,0.00,0.00,normal
0,tcp,uucp,S0,0,0,0,0,0,0,0,0,0,0,0,0,0,0,0,0,0,0,114,4,1.00,1.00,0.00,0.00,0.04,0.06,0.00,255,4,0.02,0.05,0.00,0.00,1.00,1.00,0.00,0.00,anomaly
0,tcp,http,SF,322,11200,0,0,0,0,0,1,0,0,0,0,0,0,0,0,0,0,13,23,0.00,0.04,0.00,0.00,1.00,0.00,0.17,255,255,1.00,0.00,0.00,0.00,0.00,0.00,0.00,0.00,normal
0,tcp,private,REJ,0,0,0,0,0,0,0,0,0,0,0,0,0,0,0,0,0,0,1,1,0.00,0.00,1.00,1.00,1.00,0.00,0.00,37,2,0.03,1.00,0.03,1.00,0.00,0.00,0.95,1.00,anomaly
0,tcp,http,SF,318,6546,0,0,0,0,0,1,0,0,0,0,0,0,0,0,0,0,8,8,0.00,0.00,0.00,0.00,1.00,0.00,0.00,61,255,1.00,0.00,0.02,0.02,0.00,0.00,0.00,0.00,normal
0,tcp,smtp,SF,1332,328,0,0,0,0,0,1,0,0,0,0,0,0,0,0,0,0,1,1,0.00,0.00,0.00,0.00,1.00,0.00,0.00,91,203,0.96,0.02,0.01,0.01,0.00,0.00,0.00,0.00,normal
0,tcp,http,SF,221,1109,0,0,0,0,0,1,0,0,0,0,0,0,0,0,0,0,11,11,0.00,0.00,0.00,0.00,1.00,0.00,0.00,11,255,1.00,0.00,0.09,0.02,0.00,0.00,0.00,0.00,normal
0,tcp,http,S0,0,0,0,0,0,0,0,0,0,0,0,0,0,0,0,0,0,0,262,24,1.00,1.00,0.00,0.00,0.09,0.05,0.00,255,24,0.09,0.05,0.00,0.00,1.00,1.00,0.00,0.00,anomaly
0,tcp,http,SF,243,6329,0,0,0,0,0,1,0,0,0,0,0,0,0,0,0,0,6,13,0.00,0.00,0.00,0.00,1.00,0.00,0.31,153,255,1.00,0.00,0.01,0.01,0.00,0.00,0.00,0.01,normal
0,tcp,name,REJ,0,0,0,0,0,0,0,0,0,0,0,0,0,0,0,0,0,0,190,11,0.00,0.00,1.00,1.00,0.06,0.07,0.00,255,11,0.04,0.07,0.00,0.00,0.00,0.00,1.00,1.00,anomaly
0,tcp,private,S0,0,0,0,0,0,0,0,0,0,0,0,0,0,0,0,0,0,0,126,15,1.00,1.00,0.00,0.00,0.12,0.06,0.00,255,5,0.02,0.07,0.00,0.00,1.00,1.00,0.00,0.00,anomaly
0,tcp,http,SF,277,308,0,0,0,0,0,1,0,0,0,0,0,0,0,0,0,0,9,13,0.00,0.00,0.00,0.00,1.00,0.00,0.23,255,255,1.00,0.00,0.00,0.00,0.00,0.00,0.00,0.00,normal
0,tcp,private,S0,0,0,0,0,0,0,0,0,0,0,0,0,0,0,0,0,0,0,130,13,1.00,1.00,0.00,0.00,0.10,0.06,0.00,130,13,0.10,0.08,0.01,0.00,1.00,1.00,0.00,0.00,anomaly
0,tcp,private,REJ,0,0,0,0,0,0,0,0,0,0,0,0,0,0,0,0,0,0,1,1,0.00,0.00,1.00,1.00,1.00,0.00,0.00,36,2,0.03,1.00,0.03,1.00,0.00,0.00,0.97,1.00,anomaly
1,tcp,smtp,SF,934,335,0,0,0,0,0,1,0,0,0,0,0,0,0,0,0,0,1,3,0.00,0.00,0.00,0.00,1.00,0.00,1.00,46,131,0.63,0.11,0.02,0.02,0.00,0.01,0.00,0.00,normal
0,tcp,smtp,RSTO,0,0,0,0,0,0,0,0,0,0,0,0,0,0,0,0,0,0,252,1,0.00,0.00,1.00,1.00,0.00,0.07,0.00,255,1,0.00,0.07,0.00,0.00,0.00,0.00,1.00,1.00,anomaly
0,tcp,netbios_ssn,S0,0,0,0,0,0,0,0,0,0,0,0,0,0,0,0,0,0,0,251,3,1.00,1.00,0.00,0.00,0.01,0.06,0.00,255,18,0.07,0.07,0.00,0.00,1.00,1.00,0.00,0.00,anomaly
0,icmp,eco_i,SF,30,0,0,0,0,0,0,0,0,0,0,0,0,0,0,0,0,0,2,2,0.00,0.00,0.00,0.00,1.00,0.00,0.00,237,237,1.00,0.00,1.00,0.00,0.00,0.00,0.00,0.00,normal
0,tcp,smtp,SF,2358,390,0,0,0,0,0,1,0,0,0,0,0,0,0,0,0,0,1,1,0.00,0.00,0.00,0.00,1.00,0.00,0.00,255,68,0.27,0.02,0.00,0.00,0.58,0.00,0.00,0.00,normal
0,tcp,http,SF,267,872,0,0,0,0,0,1,0,0,0,0,0,0,0,0,0,0,4,4,0.00,0.00,0.00,0.00,1.00,0.00,0.00,184,255,1.00,0.00,0.01,0.03,0.00,0.00,0.01,0.01,normal
0,tcp,http,SF,283,34975,0,0,0,0,0,1,0,0,0,0,0,0,0,0,0,0,1,1,0.00,0.00,0.00,0.00,1.00,0.00,0.00,101,228,1.00,0.00,0.01,0.03,0.00,0.00,0.00,0.00,normal
27,tcp,ftp,SF,1424,4152,0,0,0,30,0,1,0,0,0,0,0,0,0,0,0,1,1,1,0.00,0.00,0.00,0.00,1.00,0.00,0.00,7,1,0.14,0.43,0.14,0.00,0.00,0.00,0.00,0.00,normal
0,tcp,http,SF,162,23226,0,0,0,0,0,1,0,0,0,0,0,0,0,0,0,0,1,1,0.00,0.00,0.00,0.00,1.00,0.00,0.00,255,255,1.00,0.00,0.00,0.00,0.00,0.00,0.00,0.00,normal
0,udp,domain_u,SF,45,45,0,0,0,0,0,0,0,0,0,0,0,0,0,0,0,0,114,116,0.00,0.00,0.00,0.00,1.00,0.00,0.02,255,227,0.89,0.01,0.00,0.00,0.00,0.00,0.00,0.00,normal
0,tcp,private,S0,0,0,0,0,0,0,0,0,0,0,0,0,0,0,0,0,0,0,175,20,1.00,1.00,0.00,0.00,0.11,0.06,0.00,255,11,0.04,0.07,0.00,0.00,1.00,1.00,0.00,0.00,anomaly
0,tcp,http,SF,299,2055,0,0,0,0,0,1,0,0,0,0,0,0,0,0,0,0,2,7,0.00,0.00,0.00,0.00,1.00,0.00,0.29,72,255,1.00,0.00,0.01,0.01,0.00,0.00,0.00,0.00,normal
0,tcp,private,S0,0,0,0,0,0,0,0,0,0,0,0,0,0,0,0,0,0,0,171,14,1.00,1.00,0.00,0.00,0.08,0.06,0.00,255,14,0.05,0.07,0.00,0.00,1.00,1.00,0.00,0.00,anomaly
0,tcp,private,S0,0,0,0,0,0,0,0,0,0,0,0,0,0,0,0,0,0,0,190,25,1.00,1.00,0.00,0.00,0.13,0.05,0.00,255,25,0.10,0.05,0.00,0.00,1.00,1.00,0.00,0.00,anomaly
0,tcp,ftp_data,SF,4892,0,0,0,0,0,0,0,0,0,0,0,0,0,0,0,0,0,18,18,0.00,0.00,0.00,0.00,1.00,0.00,0.00,255,93,0.36,0.03,0.36,0.00,0.00,0.00,0.00,0.00,normal
0,tcp,http,SF,171,409,0,0,0,0,0,1,0,0,0,0,0,0,0,0,0,0,3,3,0.00,0.00,0.00,0.00,1.00,0.00,0.00,34,255,1.00,0.00,0.03,0.05,0.00,0.00,0.00,0.00,normal
0,tcp,courier,S0,0,0,0,0,0,0,0,0,0,0,0,0,0,0,0,0,0,0,112,8,1.00,1.00,0.00,0.00,0.07,0.06,0.00,255,8,0.03,0.06,0.00,0.00,1.00,1.00,0.00,0.00,anomaly
0,tcp,http,SF,296,280,0,0,0,0,0,1,0,0,0,0,0,0,0,0,0,0,8,9,0.00,0.00,0.00,0.00,1.00,0.00,0.22,255,255,1.00,0.00,0.00,0.00,0.00,0.00,0.00,0.00,normal
0,icmp,ecr_i,SF,1032,0,0,0,0,0,0,0,0,0,0,0,0,0,0,0,0,0,125,125,0.00,0.00,0.00,0.00,1.00,0.00,0.00,255,125,0.49,0.01,0.49,0.00,0.00,0.00,0.00,0.00,anomaly
0,tcp,private,S0,0,0,0,0,0,0,0,0,0,0,0,0,0,0,0,0,0,0,180,20,1.00,1.00,0.00,0.00,0.11,0.07,0.00,255,20,0.08,0.06,0.00,0.00,1.00,1.00,0.00,0.00,anomaly
0,tcp,private,S0,0,0,0,0,0,0,0,0,0,0,0,0,0,0,0,0,0,0,131,15,1.00,1.00,0.00,0.00,0.11,0.06,0.00,255,17,0.07,0.08,0.00,0.00,1.00,1.00,0.00,0.00,anomaly
0,udp,domain_u,SF,43,126,0,0,0,0,0,0,0,0,0,0,0,0,0,0,0,0,11,29,0.00,0.00,0.00,0.00,1.00,0.00,0.07,255,255,1.00,0.00,0.00,0.00,0.00,0.00,0.00,0.00,normal
28,tcp,ftp,SF,888,2579,0,0,0,18,0,1,0,0,0,0,0,0,0,0,0,1,1,1,0.00,0.00,0.00,0.00,1.00,0.00,0.00,188,30,0.16,0.04,0.01,0.00,0.00,0.00,0.01,0.07,normal
0,tcp,http,SF,249,290,0,0,0,0,0,1,0,0,0,0,0,0,0,0,0,0,29,36,0.00,0.00,0.00,0.00,1.00,0.00,0.14,255,255,1.00,0.00,0.00,0.00,0.00,0.00,0.00,0.00,normal
0,tcp,http,SF,244,327,0,0,0,0,0,1,0,0,0,0,0,0,0,0,0,0,1,18,0.00,0.00,0.00,0.00,1.00,0.00,0.17,23,255,1.00,0.00,0.04,0.01,0.00,0.00,0.00,0.01,normal
0,tcp,nnsp,S0,0,0,0,0,0,0,0,0,0,0,0,0,0,0,0,0,0,0,105,10,1.00,1.00,0.00,0.00,0.10,0.07,0.00,255,29,0.11,0.06,0.00,0.00,1.00,1.00,0.00,0.00,anomaly
0,tcp,http,SF,224,487,0,0,0,0,0,1,0,0,0,0,0,0,0,0,0,0,4,4,0.00,0.00,0.00,0.00,1.00,0.00,0.00,170,255,1.00,0.00,0.01,0.05,0.01,0.00,0.00,0.00,normal
0,tcp,link,S0,0,0,0,0,0,0,0,0,0,0,0,0,0,0,0,0,0,0,231,7,1.00,1.00,0.00,0.00,0.03,0.05,0.00,255,7,0.03,0.06,0.00,0.00,1.00,1.00,0.00,0.00,anomaly
0,tcp,http,SF,347,5280,0,0,0,0,0,1,0,0,0,0,0,0,0,0,0,0,7,7,0.00,0.00,0.00,0.00,1.00,0.00,0.00,190,255,1.00,0.00,0.01,0.02,0.00,0.00,0.00,0.00,normal
0,tcp,private,S0,0,0,0,0,0,0,0,0,0,0,0,0,0,0,0,0,0,0,256,4,1.00,1.00,0.00,0.00,0.02,0.06,0.00,255,3,0.01,0.08,0.00,0.00,1.00,1.00,0.00,0.00,anomaly
0,udp,domain_u,SF,46,72,0,0,0,0,0,0,0,0,0,0,0,0,0,0,0,0,106,106,0.00,0.00,0.00,0.00,1.00,0.00,0.00,255,223,0.87,0.01,0.00,0.00,0.00,0.00,0.00,0.00,normal
0,udp,domain_u,SF,34,34,0,0,0,0,0,0,0,0,0,0,0,0,0,0,0,0,1,3,0.00,0.00,0.00,0.00,1.00,0.00,1.00,255,202,0.79,0.01,0.00,0.00,0.00,0.00,0.00,0.00,normal
5,tcp,smtp,SF,1549,328,0,0,0,0,0,1,0,0,0,0,0,0,0,0,0,0,1,1,0.00,0.00,0.00,0.00,1.00,0.00,0.00,181,141,0.65,0.02,0.01,0.01,0.00,0.00,0.00,0.00,normal
0,tcp,http,SF,54540,8314,0,0,0,2,0,1,1,0,0,0,0,0,0,0,0,0,4,5,0.00,0.00,0.00,0.20,1.00,0.00,0.40,181,181,1.00,0.00,0.01,0.00,0.00,0.00,0.06,0.06,anomaly
0,tcp,private,RSTR,0,0,0,0,0,0,0,0,0,0,0,0,0,0,0,0,0,0,1,1,0.00,0.00,1.00,1.00,1.00,0.00,0.00,255,1,0.00,0.47,0.94,0.00,0.00,0.00,0.94,1.00,anomaly
0,tcp,whois,S0,0,0,0,0,0,0,0,0,0,0,0,0,0,0,0,0,0,0,283,8,1.00,1.00,0.00,0.00,0.03,0.06,0.00,255,10,0.04,0.07,0.00,0.00,1.00,1.00,0.00,0.00,anomaly
0,tcp,time,S0,0,0,0,0,0,0,0,0,0,0,0,0,0,0,0,0,0,0,121,16,1.00,1.00,0.00,0.00,0.13,0.07,0.00,255,16,0.06,0.06,0.00,0.00,1.00,1.00,0.00,0.00,anomaly
0,tcp,http,SF,206,5382,0,0,0,0,0,1,0,0,0,0,0,0,0,0,0,0,8,8,0.00,0.00,0.00,0.00,1.00,0.00,0.00,8,255,1.00,0.00,0.12,0.02,0.00,0.00,0.00,0.00,normal
0,udp,domain_u,SF,44,44,0,0,0,0,0,0,0,0,0,0,0,0,0,0,0,0,111,110,0.00,0.00,0.00,0.00,0.99,0.02,0.00,255,254,1.00,0.01,0.00,0.00,0.00,0.00,0.00,0.00,normal
0,tcp,login,S0,0,0,0,0,0,0,0,0,0,0,0,0,0,0,0,0,0,0,111,1,1.00,1.00,0.00,0.00,0.01,0.06,0.00,255,20,0.08,0.07,0.00,0.00,1.00,1.00,0.00,0.00,anomaly
0,tcp,private,S0,0,0,0,0,0,0,0,0,0,0,0,0,0,0,0,0,0,0,121,12,1.00,1.00,0.00,0.00,0.10,0.07,0.00,255,9,0.04,0.06,0.00,0.00,1.00,1.00,0.00,0.00,anomaly
0,tcp,http,SF,211,1242,0,0,0,0,0,1,0,0,0,0,0,0,0,0,0,0,6,6,0.00,0.00,0.00,0.00,1.00,0.00,0.00,51,255,1.00,0.00,0.02,0.05,0.00,0.00,0.00,0.00,normal
0,udp,domain_u,SF,45,45,0,0,0,0,0,0,0,0,0,0,0,0,0,0,0,0,157,157,0.00,0.00,0.00,0.00,1.00,0.00,0.00,255,255,1.00,0.00,0.00,0.00,0.00,0.00,0.00,0.00,normal
0,icmp,urp_i,SF,183,0,0,0,0,0,0,0,0,0,0,0,0,0,0,0,0,0,2,1,0.00,0.00,0.00,0.00,0.50,1.00,0.00,255,17,0.07,0.01,0.07,0.00,0.00,0.00,0.00,0.00,normal
0,tcp,pop_3,SF,35,130,0,0,0,0,0,1,0,0,0,0,0,0,0,0,0,0,1,1,0.00,0.00,0.00,0.00,1.00,0.00,0.00,44,9,0.05,0.14,0.02,0.33,0.00,0.00,0.00,0.00,normal
0,tcp,auth,S0,0,0,0,0,0,0,0,0,0,0,0,0,0,0,0,0,0,0,283,13,1.00,1.00,0.00,0.00,0.05,0.06,0.00,255,13,0.05,0.08,0.00,0.00,1.00,1.00,0.00,0.00,anomaly
0,tcp,finger,S0,0,0,0,0,0,0,0,0,0,0,0,0,0,0,0,0,0,0,280,6,1.00,1.00,0.00,0.00,0.02,0.06,0.00,255,6,0.02,0.08,0.00,0.00,1.00,1.00,0.00,0.00,anomaly
0,tcp,mtp,S0,0,0,0,0,0,0,0,0,0,0,0,0,0,0,0,0,0,0,290,23,1.00,1.00,0.00,0.00,0.08,0.05,0.00,255,23,0.09,0.05,0.00,0.00,1.00,1.00,0.00,0.00,anomaly
0,tcp,supdup,REJ,0,0,0,0,0,0,0,0,0,0,0,0,0,0,0,0,0,0,102,4,0.00,0.00,1.00,1.00,0.04,0.06,0.00,255,3,0.01,0.07,0.00,0.00,0.00,0.00,1.00,1.00,anomaly
0,tcp,courier,S0,0,0,0,0,0,0,0,0,0,0,0,0,0,0,0,0,0,0,108,7,1.00,1.00,0.00,0.00,0.06,0.06,0.00,255,7,0.03,0.05,0.00,0.00,1.00,1.00,0.00,0.00,anomaly
0,tcp,Z39_50,S0,0,0,0,0,0,0,0,0,0,0,0,0,0,0,0,0,0,0,297,19,1.00,1.00,0.00,0.00,0.06,0.05,0.00,255,19,0.07,0.05,0.00,0.00,1.00,1.00,0.00,0.00,anomaly
0,udp,domain_u,SF,43,43,0,0,0,0,0,0,0,0,0,0,0,0,0,0,0,0,141,141,0.00,0.00,0.00,0.00,1.00,0.00,0.00,255,249,0.98,0.01,0.00,0.00,0.00,0.00,0.00,0.00,normal
0,tcp,http,SF,329,1492,0,0,0,0,0,1,0,0,0,0,0,0,0,0,0,0,11,11,0.00,0.00,0.00,0.00,1.00,0.00,0.00,212,255,1.00,0.00,0.00,0.01,0.00,0.00,0.00,0.00,normal
0,tcp,klogin,S0,0,0,0,0,0,0,0,0,0,0,0,0,0,0,0,0,0,0,149,10,1.00,1.00,0.00,0.00,0.07,0.05,0.00,255,10,0.04,0.05,0.00,0.00,1.00,1.00,0.00,0.00,anomaly
0,tcp,private,S0,0,0,0,0,0,0,0,0,0,0,0,0,0,0,0,0,0,0,214,2,1.00,1.00,0.00,0.00,0.01,0.06,0.00,255,4,0.02,0.06,0.00,0.00,1.00,1.00,0.00,0.00,anomaly
0,tcp,http,REJ,0,0,0,0,0,0,0,0,0,0,0,0,0,0,0,0,0,0,1,2,0.00,0.00,1.00,1.00,1.00,0.00,1.00,15,29,1.00,0.00,0.07,0.14,0.00,0.00,1.00,1.00,normal
0,tcp,private,S0,0,0,0,0,0,0,0,0,0,0,0,0,0,0,0,0,0,0,227,16,1.00,1.00,0.00,0.00,0.07,0.07,0.00,255,16,0.06,0.08,0.00,0.00,1.00,1.00,0.00,0.00,anomaly
0,tcp,smtp,SF,2078,329,0,0,0,0,0,1,0,0,0,0,0,0,0,0,0,0,1,3,0.00,0.00,0.00,0.00,1.00,0.00,1.00,116,245,0.95,0.02,0.01,0.01,0.00,0.00,0.00,0.00,normal
0,tcp,vmnet,S0,0,0,0,0,0,0,0,0,0,0,0,0,0,0,0,0,0,0,36,10,1.00,1.00,0.00,0.00,0.28,0.17,0.00,255,10,0.04,0.08,0.00,0.00,1.00,1.00,0.00,0.00,anomaly
0,tcp,http,SF,192,5424,0,0,0,0,0,1,0,0,0,0,0,0,0,0,0,0,20,20,0.00,0.00,0.00,0.00,1.00,0.00,0.00,67,255,1.00,0.00,0.01,0.04,0.00,0.00,0.00,0.00,normal
0,tcp,kshell,S0,0,0,0,0,0,0,0,0,0,0,0,0,0,0,0,0,0,0,132,3,1.00,1.00,0.00,0.00,0.02,0.06,0.00,255,3,0.01,0.06,0.00,0.00,1.00,1.00,0.00,0.00,anomaly
0,tcp,http,SF,360,5864,0,0,0,0,0,1,0,0,0,0,0,0,0,0,0,0,2,26,0.00,0.00,0.00,0.00,1.00,0.00,0.12,106,255,1.00,0.00,0.01,0.02,0.00,0.00,0.00,0.00,normal
0,tcp,http,SF,321,2400,0,0,0,0,0,1,0,0,0,0,0,0,0,0,0,0,5,5,0.00,0.00,0.00,0.00,1.00,0.00,0.00,153,255,1.00,0.00,0.01,0.02,0.00,0.00,0.00,0.00,normal
0,tcp,http,SF,206,5200,0,0,0,0,0,1,0,0,0,0,0,0,0,0,0,0,5,5,0.00,0.00,0.00,0.00,1.00,0.00,0.00,255,255,1.00,0.00,0.00,0.00,0.00,0.00,0.00,0.00,normal
0,tcp,domain,S0,0,0,0,0,0,0,0,0,0,0,0,0,0,0,0,0,0,0,285,19,1.00,1.00,0.00,0.00,0.07,0.05,0.00,255,19,0.07,0.05,0.00,0.00,1.00,1.00,0.00,0.00,anomaly
0,tcp,ftp_data,S0,0,0,0,0,0,0,0,0,0,0,0,0,0,0,0,0,0,0,136,17,1.00,1.00,0.00,0.00,0.12,0.06,0.00,255,5,0.02,0.07,0.00,0.00,1.00,1.00,0.00,0.00,anomaly
0,tcp,http,SF,54540,8314,0,0,0,2,0,1,1,0,0,0,0,0,0,0,0,0,2,2,0.00,0.00,0.00,0.00,1.00,0.00,0.00,255,255,1.00,0.00,0.00,0.00,0.00,0.00,0.02,0.02,anomaly
0,tcp,private,S0,0,0,0,0,0,0,0,0,0,0,0,0,0,0,0,0,0,0,134,22,1.00,1.00,0.00,0.00,0.16,0.05,0.00,255,22,0.09,0.05,0.00,0.00,1.00,1.00,0.00,0.00,anomaly
0,icmp,eco_i,SF,8,0,0,0,0,0,0,0,0,0,0,0,0,0,0,0,0,0,1,18,0.00,0.00,0.00,0.00,1.00,0.00,1.00,1,65,1.00,0.00,1.00,0.51,0.00,0.00,0.00,0.00,anomaly
0,tcp,http,SF,262,983,0,0,0,0,0,1,0,0,0,0,0,0,0,0,0,0,3,3,0.00,0.00,0.00,0.00,1.00,0.00,0.00,255,255,1.00,0.00,0.00,0.00,0.00,0.00,0.00,0.00,normal
0,tcp,http,SF,316,1478,0,0,0,0,0,1,0,0,0,0,0,0,0,0,0,0,9,9,0.00,0.00,0.00,0.00,1.00,0.00,0.00,36,255,1.00,0.00,0.03,0.05,0.00,0.00,0.00,0.01,normal
0,tcp,http,SF,319,307,0,0,0,0,0,1,0,0,0,0,0,0,0,0,0,0,17,18,0.00,0.00,0.00,0.00,1.00,0.00,0.11,255,255,1.00,0.00,0.00,0.00,0.00,0.00,0.00,0.00,normal
0,tcp,ftp_data,SF,641,0,0,0,0,0,0,1,0,0,0,0,0,0,0,0,0,0,2,2,0.00,0.00,0.00,0.00,1.00,0.00,0.00,255,118,0.46,0.03,0.47,0.00,0.00,0.01,0.00,0.00,normal
0,tcp,ftp_data,S0,0,0,0,0,0,0,0,0,0,0,0,0,0,0,0,0,0,0,38,17,0.97,1.00,0.03,0.00,0.45,0.08,0.00,255,18,0.07,0.06,0.00,0.00,1.00,1.00,0.00,0.00,anomaly
0,tcp,http,REJ,0,0,0,0,0,0,0,0,0,0,0,0,0,0,0,0,0,0,1,2,0.00,0.00,1.00,1.00,1.00,0.00,1.00,120,197,1.00,0.00,0.01,0.02,0.00,0.00,0.74,0.84,normal
0,tcp,ftp_data,SF,15377,0,0,0,0,0,0,0,0,0,0,0,0,0,0,0,0,0,19,19,0.00,0.00,0.00,0.00,1.00,0.00,0.00,25,90,1.00,0.00,1.00,0.02,0.00,0.00,0.00,0.00,normal
0,tcp,supdup,S0,0,0,0,0,0,0,0,0,0,0,0,0,0,0,0,0,0,0,105,9,1.00,1.00,0.00,0.00,0.09,0.06,0.00,255,9,0.04,0.05,0.00,0.00,1.00,1.00,0.00,0.00,anomaly
0,udp,other,SF,516,4,0,0,0,0,0,0,0,0,0,0,0,0,0,0,0,0,335,335,0.00,0.00,0.00,0.00,1.00,0.00,0.00,255,255,1.00,0.00,1.00,0.00,0.00,0.00,0.00,0.00,normal
0,tcp,private,S0,0,0,0,0,0,0,0,0,0,0,0,0,0,0,0,0,0,0,295,4,1.00,1.00,0.00,0.00,0.01,0.06,0.00,255,3,0.01,0.08,0.00,0.00,1.00,1.00,0.00,0.00,anomaly
0,tcp,http,SF,213,491,0,0,0,0,0,1,0,0,0,0,0,0,0,0,0,0,2,2,0.00,0.00,0.00,0.00,1.00,0.00,0.00,255,255,1.00,0.00,0.00,0.00,0.00,0.00,0.00,0.00,normal
0,tcp,private,S0,0,0,0,0,0,0,0,0,0,0,0,0,0,0,0,0,0,0,133,16,1.00,1.00,0.00,0.00,0.12,0.06,0.00,40,5,0.12,0.17,0.03,0.00,1.00,1.00,0.00,0.00,anomaly
0,tcp,ftp_data,SF,59,0,0,0,0,0,0,1,0,0,0,0,0,0,0,0,0,0,23,31,0.00,0.00,0.00,0.00,1.00,0.00,0.06,85,53,0.62,0.06,0.62,0.00,0.00,0.00,0.02,0.00,normal
0,tcp,private,S0,0,0,0,0,0,0,0,0,0,0,0,0,0,0,0,0,0,0,250,8,1.00,1.00,0.00,0.00,0.03,0.07,0.00,255,8,0.03,0.07,0.00,0.00,1.00,1.00,0.00,0.00,anomaly
0,icmp,ecr_i,SF,1032,0,0,0,0,0,0,0,0,0,0,0,0,0,0,0,0,0,511,511,0.00,0.00,0.00,0.00,1.00,0.00,0.00,255,153,0.60,0.02,0.60,0.00,0.00,0.00,0.02,0.00,anomaly
0,tcp,private,S0,0,0,0,0,0,0,0,0,0,0,0,0,0,0,0,0,0,0,130,14,1.00,1.00,0.00,0.00,0.11,0.05,0.00,255,17,0.07,0.06,0.00,0.00,1.00,1.00,0.00,0.00,anomaly
0,tcp,http,SF,54540,8314,0,0,0,2,0,1,1,0,0,0,0,0,0,0,0,0,4,4,0.00,0.00,0.00,0.00,1.00,0.00,0.00,139,139,1.00,0.00,0.01,0.00,0.00,0.00,0.05,0.05,anomaly
0,tcp,http,SF,301,17655,0,0,0,0,0,1,0,0,0,0,0,0,0,0,0,0,4,4,0.00,0.00,0.00,0.00,1.00,0.00,0.00,144,255,1.00,0.00,0.01,0.02,0.00,0.00,0.01,0.00,normal
0,tcp,ftp_data,SF,501760,0,0,0,0,0,0,1,0,0,0,0,0,0,0,0,0,0,2,2,0.00,0.00,0.00,0.00,1.00,0.00,0.00,87,63,0.13,0.82,0.11,0.03,0.00,0.00,0.76,0.02,normal
0,tcp,http,REJ,0,0,0,0,0,0,0,0,0,0,0,0,0,0,0,0,0,0,1,2,0.00,0.00,1.00,1.00,1.00,0.00,1.00,18,214,1.00,0.00,0.06,0.23,0.00,0.00,1.00,0.93,normal
0,tcp,http,SF,225,52866,0,0,0,0,0,1,0,0,0,0,0,0,0,0,0,0,2,8,0.00,0.00,0.00,0.12,1.00,0.00,0.25,137,255,1.00,0.00,0.01,0.02,0.00,0.00,0.00,0.00,normal
0,tcp,http,SF,283,2531,0,0,0,0,0,1,0,0,0,0,0,0,0,0,0,0,6,10,0.00,0.00,0.00,0.00,1.00,0.00,0.20,72,72,1.00,0.00,0.01,0.00,0.00,0.00,0.00,0.00,normal
0,icmp,eco_i,SF,30,0,0,0,0,0,0,0,0,0,0,0,0,0,0,0,0,0,1,1,0.00,0.00,0.00,0.00,1.00,0.00,0.00,249,249,1.00,0.00,1.00,0.00,0.00,0.00,0.00,0.00,normal
0,tcp,http,SF,316,274,0,0,0,0,0,1,0,0,0,0,0,0,0,0,0,0,15,46,0.00,0.04,0.00,0.00,1.00,0.00,0.09,255,255,1.00,0.00,0.00,0.00,0.00,0.00,0.00,0.00,normal
0,tcp,smtp,SF,1870,331,0,0,0,0,0,1,0,0,0,0,0,0,0,0,0,0,1,1,0.00,0.00,0.00,0.00,1.00,0.00,0.00,117,106,0.91,0.03,0.01,0.00,0.00,0.00,0.00,0.00,normal
0,udp,domain_u,SF,30,30,0,0,0,0,0,0,0,0,0,0,0,0,0,0,0,0,2,3,0.00,0.00,0.00,0.00,1.00,0.00,0.67,255,255,1.00,0.00,0.01,0.00,0.00,0.00,0.00,0.00,normal
0,tcp,http,SF,214,8435,0,0,0,0,0,1,0,0,0,0,0,0,0,0,0,0,9,9,0.00,0.00,0.00,0.00,1.00,0.00,0.00,255,255,1.00,0.00,0.00,0.00,0.00,0.00,0.00,0.00,normal
0,tcp,http,SF,285,283,0,0,0,0,0,1,0,0,0,0,0,0,0,0,0,0,17,18,0.00,0.00,0.00,0.00,1.00,0.00,0.11,17,255,1.00,0.00,0.06,0.03,0.00,0.00,0.00,0.00,normal
0,tcp,http,SF,230,12471,0,0,0,0,0,1,0,0,0,0,0,0,0,0,0,0,10,10,0.00,0.00,0.00,0.00,1.00,0.00,0.00,255,255,1.00,0.00,0.00,0.00,0.00,0.00,0.00,0.00,normal
0,icmp,ecr_i,SF,30,0,0,0,0,0,0,0,0,0,0,0,0,0,0,0,0,0,1,1,0.00,0.00,0.00,0.00,1.00,0.00,0.00,165,165,1.00,0.00,1.00,0.00,0.00,0.00,0.00,0.00,normal
0,tcp,ftp_data,SF,491,0,0,0,0,0,0,1,0,0,0,5,0,0,0,0,0,0,2,2,0.00,0.00,0.00,0.00,1.00,0.00,0.00,6,65,0.33,0.33,0.33,0.03,0.00,0.00,0.00,0.00,normal
1,tcp,smtp,SF,2049,362,0,0,0,0,0,1,0,0,0,0,0,0,0,0,0,0,1,4,0.00,0.00,0.00,0.00,1.00,0.00,1.00,95,87,0.92,0.02,0.01,0.00,0.00,0.00,0.00,0.00,normal
0,tcp,http,SF,247,799,0,0,0,0,0,1,0,0,0,0,0,0,0,0,0,0,4,4,0.00,0.00,0.00,0.00,1.00,0.00,0.00,192,255,1.00,0.00,0.01,0.02,0.00,0.00,0.00,0.00,normal
0,tcp,finger,S0,0,0,0,0,0,0,0,0,0,0,0,0,0,0,0,0,0,0,288,13,1.00,1.00,0.00,0.00,0.05,0.06,0.00,255,10,0.04,0.07,0.00,0.00,1.00,1.00,0.00,0.00,anomaly
0,icmp,eco_i,SF,18,0,0,0,0,0,0,0,0,0,0,0,0,0,0,0,0,0,1,1,0.00,0.00,0.00,0.00,1.00,0.00,0.00,2,218,1.00,0.00,1.00,0.25,0.00,0.00,0.00,0.00,anomaly
0,tcp,private,S0,0,0,0,0,0,0,0,0,0,0,0,0,0,0,0,0,0,0,126,17,1.00,1.00,0.00,0.00,0.13,0.06,0.00,255,13,0.05,0.07,0.00,0.00,1.00,1.00,0.00,0.00,anomaly
0,tcp,http,REJ,0,0,0,0,0,0,0,0,0,0,0,0,0,0,0,0,0,0,1,2,0.00,0.00,1.00,1.00,1.00,0.00,1.00,255,255,1.00,0.00,0.00,0.00,0.00,0.00,0.00,0.00,normal
0,udp,private,SF,28,0,0,3,0,0,0,0,0,0,0,0,0,0,0,0,0,0,3,3,0.00,0.00,0.00,0.00,1.00,0.00,0.00,255,3,0.01,0.01,0.01,0.00,0.00,0.00,0.00,0.00,anomaly
0,tcp,http,SF,254,555,0,0,0,0,0,1,0,0,0,0,0,0,0,0,0,0,3,3,0.00,0.00,0.00,0.00,1.00,0.00,0.00,35,170,1.00,0.00,0.03,0.04,0.00,0.00,0.00,0.00,normal
0,tcp,smtp,SF,1289,408,0,0,0,0,0,1,0,0,0,0,0,0,0,0,0,0,1,1,0.00,0.00,0.00,0.00,1.00,0.00,0.00,255,58,0.23,0.06,0.00,0.00,0.51,0.00,0.02,0.00,normal
0,tcp,auth,S0,0,0,0,0,0,0,0,0,0,0,0,0,0,0,0,0,0,0,109,9,1.00,1.00,0.00,0.00,0.08,0.05,0.00,255,9,0.04,0.04,0.00,0.00,1.00,1.00,0.00,0.00,anomaly
0,tcp,http,SF,269,10939,0,0,0,0,0,1,0,0,0,0,0,0,0,0,0,0,1,20,0.00,0.00,0.00,0.00,1.00,0.00,0.15,20,255,1.00,0.00,0.05,0.04,0.00,0.00,0.00,0.00,normal
0,tcp,http,REJ,0,0,0,0,0,0,0,0,0,0,0,0,0,0,0,0,0,0,1,2,0.00,0.00,1.00,1.00,1.00,0.00,1.00,1,220,1.00,0.00,1.00,0.06,0.00,0.00,1.00,1.00,normal
0,icmp,eco_i,SF,30,0,0,0,0,0,0,0,0,0,0,0,0,0,0,0,0,0,3,1,0.00,0.00,0.00,0.00,0.33,0.67,0.00,255,4,0.02,0.01,0.03,0.00,0.00,0.00,0.00,0.00,normal
1,tcp,smtp,SF,1247,327,0,0,0,0,0,1,0,0,0,0,0,0,0,0,0,0,1,1,0.00,0.00,0.00,0.00,1.00,0.00,0.00,226,129,0.53,0.03,0.00,0.02,0.01,0.02,0.00,0.00,normal
0,tcp,private,S0,0,0,0,0,0,0,0,0,0,0,0,0,0,0,0,0,0,0,130,14,1.00,1.00,0.00,0.00,0.11,0.05,0.00,255,4,0.02,0.05,0.00,0.00,1.00,1.00,0.00,0.00,anomaly
0,tcp,http,SF,373,4777,0,0,0,0,0,1,0,0,0,0,0,0,0,0,0,0,5,5,0.00,0.00,0.00,0.00,1.00,0.00,0.00,62,255,1.00,0.00,0.02,0.04,0.00,0.00,0.00,0.00,normal
0,tcp,http,SF,329,885,0,0,0,0,0,1,0,0,0,0,0,0,0,0,0,0,14,14,0.00,0.00,0.00,0.00,1.00,0.00,0.00,255,255,1.00,0.00,0.00,0.00,0.00,0.00,0.00,0.00,normal
0,tcp,http,SF,236,2698,0,0,0,0,0,1,0,0,0,0,0,0,1,0,0,0,2,2,0.00,0.00,0.00,0.00,1.00,0.00,0.00,255,247,0.97,0.01,0.00,0.00,0.00,0.00,0.00,0.00,normal
0,udp,domain_u,SF,33,0,0,0,0,0,0,0,0,0,0,0,0,0,0,0,0,0,1,2,0.00,0.00,0.00,0.00,1.00,0.00,1.00,127,17,0.13,0.03,0.13,0.00,0.00,0.00,0.00,0.00,normal
0,tcp,http,SF,334,1600,0,0,0,0,0,1,0,0,0,0,0,0,0,0,0,0,3,3,0.00,0.00,0.00,0.00,1.00,0.00,0.00,255,255,1.00,0.00,0.00,0.00,0.00,0.00,0.00,0.00,normal
0,tcp,private,S0,0,0,0,0,0,0,0,0,0,0,0,0,0,0,0,0,0,0,128,9,1.00,1.00,0.00,0.00,0.07,0.05,0.00,255,12,0.05,0.06,0.00,0.00,1.00,1.00,0.00,0.00,anomaly
0,tcp,smtp,SF,2233,365,0,0,0,0,0,1,0,0,0,0,0,0,0,0,0,0,1,1,0.00,0.00,0.00,0.00,1.00,0.00,0.00,1,2,1.00,0.00,1.00,1.00,0.00,0.00,0.00,0.00,normal
0,tcp,private,S0,0,0,0,0,0,0,0,0,0,0,0,0,0,0,0,0,0,0,113,3,1.00,1.00,0.00,0.00,0.03,0.07,0.00,255,13,0.05,0.07,0.00,0.00,1.00,1.00,0.00,0.00,anomaly
0,tcp,http,SF,359,375,0,0,0,0,0,1,0,0,0,0,0,0,0,0,0,0,3,11,0.33,0.09,0.00,0.00,1.00,0.00,0.18,3,255,1.00,0.00,0.33,0.04,0.33,0.00,0.00,0.00,normal
0,tcp,private,S0,0,0,0,0,0,0,0,0,0,0,0,0,0,0,0,0,0,0,184,25,1.00,1.00,0.00,0.00,0.14,0.06,0.00,255,25,0.10,0.06,0.00,0.00,1.00,1.00,0.00,0.00,anomaly
8,udp,private,SF,105,145,0,0,0,0,0,0,0,0,0,0,0,0,0,0,0,0,2,2,0.00,0.00,0.00,0.00,1.00,0.00,0.00,255,244,0.96,0.01,0.01,0.00,0.00,0.00,0.00,0.00,normal
0,tcp,smtp,SF,2231,384,0,0,0,0,0,1,0,0,0,0,0,0,0,0,0,0,1,1,0.00,0.00,0.00,0.00,1.00,0.00,0.00,255,30,0.12,0.06,0.00,0.00,0.72,0.00,0.01,0.00,normal
0,tcp,klogin,S0,0,0,0,0,0,0,0,0,0,0,0,0,0,0,0,0,0,0,144,8,1.00,1.00,0.00,0.00,0.06,0.05,0.00,255,8,0.03,0.05,0.00,0.00,1.00,1.00,0.00,0.00,anomaly
0,tcp,ftp_data,SF,151,0,0,0,0,0,0,1,0,0,0,0,0,0,0,0,0,0,1,1,0.00,0.00,0.00,0.00,1.00,0.00,0.00,255,77,0.30,0.03,0.30,0.00,0.00,0.00,0.00,0.00,normal